[
    {"tPregunta": "En estos momentos de tu vida. ¿eres feliz?", "riesgo": "Medio", "rCorrecta": "Si", "orientacion": "Si en estos momentos de tu vida no eres feliz, puedes comunicarte a la Línea Amiga Saludable de la Secretaría de Salud al teléfono 4444448 de lunes a sábado de 800 AM a 8:00 PM."},
    {"tPregunta": "¿Crees que te falta afecto?", "riesgo": "Bajo", "rCorrecta": "No", "orientacion": "Si crees que te falta afecto puedes comunicarte a la Línea Amiga Saludable de la Secretaría de Salud al teléfono 4444448 de lunes a sábado de 800 AM a 8:00 PM."},
    {"tPregunta": "¿En tu colegio les brindan información suficiente sobre educación sexual y reproductiva?", "riesgo": "Alto", "rCorrecta": "Si", "orientacion": "Por favor habla con tu coordinador de grupo y solicítale por favor que les brinden información suficiente acerca de educación sexual y reproductiva."},
    {"tPregunta": "¿Tú deseas esperar un bebé en estos momentos de tu vida?", "riesgo": "Alto", "rCorrecta": "No", "orientacion": "Si deseas tener un bebé puedes acercarte a uno de los CIF - Centros Integrales para la Familia, para que puedan brindarte asesoría al respecto."},
    {"tPregunta": "¿Consideras que conoces bien los métodos anticonceptivos?", "riesgo": "Alto", "rCorrecta": "Si", "orientacion": "Si no sabes o conoces cuáles son los métodos anticonceptivos, puedes ingresar a la página de profamlia y allí encontrar los tipos y variedades de métodos, así como también dirigirte al psicólogo de tu colegio o I.E y él o ella te podrá asesorar."},
    {"tPregunta": "¿Tienes o estás esperando bebé?", "riesgo": "Alto", "rCorrecta": "No", "orientacion": "Si ya eres padre, madre o estás esperando bebé puedes acercarte a uno de los CIF - Centros Integrales para la Familia, para que puedan brindarte asesoría al respecto."},
    {"tPregunta": "¿Tienes novio o novia?", "riesgo": "Medio", "rCorrecta": "No", "orientacion": "Si ya tienes novio o novia, Se recomienda desarrollar un proyecto de vida, además puedes pedir a través de la IPS o EPS un médico de familia que les permita conocer y asesorar cuales son los cuidados necesarios a tener en cuenta en una relación de pareja. Así como tener una comunicación permanente con los miembros de tu núcleo familiar."},
    {"tPregunta": "¿Crees que está bien tener relaciones sexuales sin algún método anticonceptivo?", "riesgo": "Alto", "rCorrecta": "No", "orientacion": "Por favor busca información acerca de los beneficios que tiene el uso de métodos anticonceptivos."},
    {"tPregunta": "¿Crees que no eyacular dentro de la vagina es un buen método para no tener hijos?", "riesgo": "Medio", "rCorrecta": "No", "orientacion": "Por favor busca información acerca de los beneficios que tiene el uso de métodos anticonceptivos."},
    {"tPregunta": "¿Consideras que hacer uso del calendario para seguir los ciclos de fecundidad es una buena manera para evitar quedar en embarazo?", "riesgo": "Medio", "rCorrecta": "No", "orientacion": "A parte de los ciclos de fecundidad, te invitamos a que conozcas otros métodos anticonceptivos más eficaces."},
    {"tPregunta": "¿Sabes cómo puede afectar a tu vida tener hijos a temprana edad?", "riesgo": "Bajo", "rCorrecta": "Si", "orientacion": "Si no sabes cómo puede cambiar tu vida al tener hijos a temprana edad, es importante que tengas en cuenta que, por estar al cuidado de tu bebe, puedes dejar de estudiar, jugar y realizar un proyecto de vida. Por eso es importante que como Joven o adolescente desarrolles pertinentemente todas tus capacidades y potencialidades dentro de tu ciclo vital."},
    {"tPregunta": "¿Te agradan las pastillas anticonceptivas?", "riesgo": "Bajo", "rCorrecta": "Si", "orientacion": "Si no son te agradan las pastillas anticonceptivas, puedes utilizar otros medios de mayor duración como los intrauterinos, inyectables, yadel, entre otros, que siguen siendo igual o más efectivos que las pastillas anticonceptivas. Además, puedes pedir asesoría con el psicólogo de tu I.E."},
    {"tPregunta": "¿Te consideras responsable respecto a tu sexualidad?", "riesgo": "Medio", "rCorrecta": "Si", "orientacion": "De no ser asi, recuerda usar métodos de barrera, planear y concertar con tu pareja los métodos de planificación a emplear, tener relaciones de pareja estables y que a la vez, ayuden y favorecen el desarrollo de tu proyectos de vida."},
    {"tPregunta": "te parece más seguro dispositivo intrauterino e implantes de barra", "riesgo": "Bajo", "rCorrecta": "Si", "orientacion": "Si no te parecen seguros los dispositivos intrauterinos e implantes de barra, puedes pedir asesoría con el médico de familia, para ver el procentaje de efectividad de los demas metodos de planificación y cual se acomoda más a tu ritmo hormonal."},
    {"tPregunta": "Te gustaría utilizar el dispositivo intrauterino e implantes de barra", "riesgo": "Bajo", "rCorrecta": "Si", "orientacion": "Tambien existen los metodos temporales hormonales como las píldoras anticonceptivas, los inyectables, el anillo vaginal, la anticoncepción de emergencia (Postday)."}
]