[
    {"tPregunta": "¿Alguien te ha propuesto ser acompañante de otra persona?", "riesgo": "Medio", "rCorrecta": "No", "orientacion": "Las personas que operan como explotadores o proxenetas se acercan con la intenicón de captar a Niños, Niñas y Adolescentes para ser explotados sexual y comercialmente; es importante identificar estas personas y reconocer que son ofertas que ponen peligro la vida y se convierten en un riesgo para que se configura en un delito. Te invitamos a que ingreses a www.medellin.gov.co/satmed para saber más sobre la ESCNNA y como prevenirla."},
    {"tPregunta": "¿Tienes curiosidad acerca de consumir sustancias psicoactivas ilegales?", "riesgo": "Alto", "rCorrecta": "No", "orientacion": "Si tienes curiosidad o has consumido alguna vez sustancias psicoactivas, te sugerimos que visites a un médico de tu EPS para conocer los riesgos de tu salud física y mental. Si no tienes cobertura en salud puedes ir al sótano del Centro Administrativo Municipal la Alpujarra con el SISBEN para tramitar la afiliación. En caso de que sea negada tu atención, usted podrá interponer una acción de tutela de manera verbal o escrita y presentarla ante un juez. También, podrás llamar a la Línea Amiga Saludable de la Secretaría de Salud al teléfono 4444448 de lunes a sábado de 800 AM a 8:00 PM, donde se te brindará información especializada gratuita acerca de temas de salud mental. También puedes acercarte al centro de escucha más cercano de tu comuna o vereda."},
    {"tPregunta": "¿Alguien te ha propuesto trabajar como modelo webcam?", "riesgo": "Medio", "rCorrecta": "No", "orientacion": "Las personas que operan como explotadores o proxenetas se acercan con la intenicón de captar a Niños, Niñas y Adolescentes para ser explotados sexual y comercialmente; es importante identificar estas personas y reconocer que son ofertas que ponen peligro la vida y se convierten en un riesgo para que se configura en un delito. Te invitamos a que ingreses a www.medellin.gov.co/satmed para saber más sobre la ESCNNA y como prevenirla."},
    {"tPregunta": "¿Vives en la calle?", "riesgo": "Alto", "rCorrecta": "No", "orientacion": "Si experimentas una situación de vida en calle puedes asistir a uno de los CIF - Centros Integrales para la Familia con el fin de que puedan brindarte asesoría especializada acerca de convivencia familiar. También puedes comunicarte con la línea 123 social manifestando tu situación de vulnerabilidad."},
    {"tPregunta": "¿Permaneces mucho tiempo en la calle?", "riesgo": "Alto", "rCorrecta": "No", "orientacion": "Te invitamos a que ingreses a www.medellinjoven.com donde encontrarás información que brinda la Alcaldía de Medellín a través de su Secretaría de la Juventud, para que conozca y acceda a los diferentes programas, proyectos, actividades, servicios, convocatorias y rutas de atención, que entidades públicas, privadas, mixtas y comunitarias tienen disponibles para los jóvenes que viven en el municipio; descubre oportunidades como: becas para estudiar, oportunidades de empleo, salud, rehabilitación, deporte y recreación, emprendimiento y demás formas de vivir y habitar la ciudad."},
    {"tPregunta": "¿alguna vez te ha interesado trabajar como modelo webcam?", "riesgo": "Alto", "rCorrecta": "No", "orientacion": "Si deseas desempeñar la actividad de modelo webcam, te invitamos primero a que planifiques tu proyecto de vida con otro tipo de actividades; así evitarás ser posiblemente víctima de la Explotación Sexual y Comercial."},
    {"tPregunta": "¿ha recibido propuestas con dinero de por medio para tener relaciones sexuales con otra persona?", "riesgo": "Alto", "rCorrecta": "No", "orientacion": "En Colombia la ley estable este tipo de actos o conductas con menores de edad como Delito, por ello es imporntate denunciar o notificar a la autoridad competentes. No es sólo una obligación legal sino un deber ético de todas las personas que conozcan sobre un presunto delito de esta naturaleza, y por lo demás será el primer paso contra la impunidad y la erradicación del fenómeno. Comunicate al 123 social o dirigete a la Fiscalía."},
    {"tPregunta": "¿Alguna vez alguien te ha solicitado fotografías o videos de tus partes íntimas a cambio de dinero?", "riesgo": "Medio", "rCorrecta": "No", "orientacion": "La solicitud de fotografías íntimas es una conducta típicamente considerada por la ley penal colombiana, desde el Ministerio de las Telecomunicaciones: fenómenos como Ciberacoso, entendiéndose por éste, un tipo de agresión psicológica que se da usando las nuevas tecnologías y que acerca la ESCNNA en la modalidad de entornos digitales."},
    {"tPregunta": "¿Te han invitado a asistir a fiestas en compañía de desconocidos a cambio de dinero?", "riesgo": "Medio", "rCorrecta": "No", "orientacion": "Las invitaciones en compañía de desconocidos son una modalidad de la Explotación Sexual y Comercial de niños, niñas y adolescentes son las uniones a temprana edad o matrimonios serviles, los cuales se constituyen en una forma de vulneración de los derechos de los niños, niñas y adolescentes. Puedes denunciar el caso llamando a línea 123 social o digirte a las oficinas de la Fiscalía."},
    {"tPregunta": "¿Te han invitado a fiestas en fincas u hoteles en compañía de desconocidos a cambio de dinero?", "riesgo": "Medio", "rCorrecta": "No", "orientacion": "La invitación a fiestas, fincas u hoteles son una modalidad de la Explotación Sexual y Comercial de los niños, niñas y adolescentes en contexto de viajes y turismos lo  cual se constituye en una forma de vulneración de los derechos y por tanto es un delito. Puedes denunciar el caso llamando a línea 123 social o digirte a las oficinas de la Fiscalía."},
    {"tPregunta": "¿Alguna vez te han pagado por solo asistir a fiestas, fincas u hoteles en compañía de desconocidos?", "riesgo": "Alto", "rCorrecta": "No", "orientacion": "La invitación a fiestas, fincas u hoteles son una modalidad de la Explotación Sexual y Comercial de los niños, niñas y adolescentes en contexto de viajes y turismos lo  cual se constituye en una forma de vulneración de los derechos y por tanto es un delito. Puedes denunciar el caso llamando a línea 123 social o digirte a las oficinas de la Fiscalía."},
    {"tPregunta": "¿Crees que a través de tu cuerpo puedes ganar dinero fácilmente?", "riesgo": "Medio", "rCorrecta": "No", "orientacion": "Si crees que a través de tu cuerpo puedes conseguir dinero facilmente existen maneras positivas de cumplir tu proyecto de vida, te invitamos a que ingreses a www.medellinjoven.com encontrarás información que brinda la Alcaldía de Medellín a través de su Secretaría de la Juventud, para que conozcan y accedan a los diferentes programas, proyectos, actividades, servicios, convocatorias y rutas de atención, que entidades públicas, privadas, mixtas y comunitarias tienen disponibles para los jóvenes que viven en el municipio; descubre oportunidades como: becas para estudiar, oportunidades de empleo, salud, rehabilitación, deporte y recreación, emprendimiento y demás formas de vivir y habitar la ciudad."},
    {"tPregunta": "¿Conoces personas que se dediquen a la prostitución u otro tipo de actividades sexuales?", "riesgo": "Bajo", "rCorrecta": "No", "orientacion": "Si conoces personas dedicadas al ejercicio de la prostitución te invitamos a que ingreses a www.medellinjoven.com encontrarás información que brinda la Alcaldía de Medellín a través de su Secretaría de la Juventud, para que conozcan y accedan a los diferentes programas, proyectos, actividades, servicios, convocatorias y rutas de atención, que entidades públicas, privadas, mixtas y comunitarias tienen disponibles para los jóvenes que viven en el municipio; descubre oportunidades como: becas para estudiar, oportunidades de empleo, salud, rehabilitación, deporte y recreación, emprendimiento y demás formas de vivir y habitar la ciudad."},
    {"tPregunta": "¿Conoces casos de Niños, Niñas y Adolescentes explotados sexualmente?", "riesgo": "Medio", "rCorrecta": "No", "orientacion": "Si conoces algún caso sobre Niños, Niñas y Adolescentes involucrados en explotación sexual y comercial, te invitamos a denunciar el caso a través del 123 Social o dirigirte al CAIVAS de Fiscalía de lunes a vienes de 8-5 PM o al BUNKER de Fiscalía Familia para denunciar el caso."},
    {"tPregunta": "¿Sabes qué es la Explotación Sexual y Comercial de Niños, Niñas y Adolescentes - ESCNNA?", "riesgo": "Bajo", "rCorrecta": "Si", "orientacion": "la ESCNNA es considerada como una forma de esclavitud y un crimen de lesa humanidad en los diferentes instrumentos internacionales de derechos humanos, adoptados y ratificados por muchos países que hoy disponen de un marco ético y jurídico inequívoco para combatir este delito."},
    {"tPregunta": "Alguna vez ¿Has tenido ideas suicidas?", "riesgo": "Medio", "rCorrecta": "No", "orientacion": "Si alguna vez has experimentado ideas suicidas, puedes comunicarte a la Línea Amiga Saludable de la Secretaría de Salud al teléfono 4444448 de lunes a sábado de 8:00 AM a 8:00 PM"},
    {"tPregunta": "¿Vives o permaneces cerca a lugares donde se desarrollan actividades sexuales? ¿Moteles, casas de citas entre otros?", "riesgo": "Bajo", "rCorrecta": "No", "orientacion": "Te invitamos a que permanezcas lejos de entornos donde se practiquen actividades sexuales"},
    {"tPregunta": "¿Te han insinuado que debes involucrarte emocionalmente con alguien porque tiene dinero?", "riesgo": "Bajo", "rCorrecta": "No", "orientacion": "involucrarte emocionalmente con alguien es una modalidad de la Explotación Sexual y Comercial de los niños, niñas y adolescentes son las uniones a temprana edad o matrimonios serviles, los cuales se constituyen en una forma de vulneración de los derechos."}
]