[
    {"tPregunta": "¿Tienes curiosidad acerca de consumir sustancias psicoactivas ilegales?", "riesgo": "Bajo", "rCorrecta": "No", "orientacion": "Si tienes curiosidad o has consumido alguna vez sustancias psicoactivas, te sugerimos que visites a un médico de tu EPS para conocer los riesgos de tu salud física y mental. Si no tienes acceso a los servicios de salud puedes ir al sótano del Centro Administrativo Municipal la Alpujarra con el SISBEN para tramitar la afiliación. En caso de que sea negada tu atención, usted podrá interponer una acción de tutela de manera verbal o escrita y presentarla ante un juez. Podrás llamar a la Línea Amiga Saludable de la Secretaría de Salud al teléfono 4444448 de lunes a sábado de 800 AM a 8:00 PM, donde se te brindará información especializada gratuita acerca de temas de salud mental. También puedes acercarte al centro de escucha más cercano de tu comuna o vereda."},
    {"tPregunta": "¿Te han invitado a ser parte del combo de tu barrio o vereda?", "riesgo": "Medio", "rCorrecta": "No", "orientacion": "Si te han invitado a ser parte del combo de tu barrio o vereda puedes comunicarte a la línea 123 social donde tendrás orientación y asesoría."},
    {"tPregunta": "¿Te han amenazado a ti y tu familia para ser parte del combo del barrio o vereda?", "riesgo": "Alto", "rCorrecta": "No", "orientacion": "Si te han amenazado a ti y a tu familia para que seas parte del combo de tu barrio o vereda puedes comunicarte a la línea 123 social donde tendrás orientación y asesoría."},
    {"tPregunta": "¿Alguien te ha dicho que conoce maneras de conseguir mucho dinero de manera fácil y rápido?", "riesgo": "Bajo", "rCorrecta": "No", "orientacion": "Si te han sugerido maneras de conseguir dinero más rápido puedes comunicarte a la línea 123 social donde tendrás orientación y asesoría."},
    {"tPregunta": "¿Te llama la atención la idea de ser parte del combo de tu barrio o vereda?", "riesgo": "Medio", "rCorrecta": "No", "orientacion": "Si te llama la atencion hacer parte del combo de tu barrio o vereda, puedes consultar en la pagina de medellin joven que ofertas en materia de educacion, deporte, cultura, recreacion y empleabilidad hay paara ti que tambien te llamen la atencion."},
    {"tPregunta": "¿Deseas tener dinero y lujos rápido en tu vida?", "riesgo": "Medio", "rCorrecta": "No", "orientacion": "Te invitamos a que te acerques al CEDEZO mas cerca a tu hogar para consultar oferta en materia de emprendimiento y empleabilidad a la que puedes acceder."},
    {"tPregunta": "¿Deseas tener estatus, poder y ser conocido en tu barrio o vereda?", "riesgo": "Medio", "rCorrecta": "No", "orientacion": "Te invitamos a que te vincules a iniciativas de liderzgo como La estrategia El Líder Sos Vos del programa Escuela Entorno Protector, el cual tiene por objetivo fortalecer habilidades de liderazgo en los estudiantes de las Instituciones Educativas de Medellín y promover su participación constructiva en la transformación de sus comunidades educativas y de la ciudad."},
    {"tPregunta": "¿Alguien te ha pedido portar algo sin que sepas de que se trata su contenido?", "riesgo": "Alto", "rCorrecta": "No", "orientacion": "Si te han pedido portar algo sin saber su contenido. ¡Cuidado! Quizá el contenido de lo que estás portando se trate de armas o sustancias psicoactivas ilegales. Te invitamos a no portar objetos sin su conocimiento o sospechosos."},
    {"tPregunta": "¿Sabes qué es el reclutamiento uso y utilización de Niños, Niñas, Adolescentes y jóvenes?", "riesgo": "Bajo", "rCorrecta": "Si", "orientacion": "El reclutamiento forzado se define como la vinculación permanente o transitoria de personas menores de 18 años de edad a grupos armados organizados al margen de la ley y/o grupos delictivos organizados que se lleva a cabo por la fuerza, por engaño o debido a condiciones personales o del contexto que la favorecen."},
    {"tPregunta": "¿Conoces la ubicación de una o varias plazas de vicio de tu barrio o vereda?", "riesgo": "Bajo", "rCorrecta": "No", "orientacion": "Si conoces las zonas donde están ubicadas las plazas de vicio en tu barrio o vereda, te invitamos a evitar transitar cerca de estas. También puedes denunciar la existencia de ese lugar a través de la línea 123 Social de manera anónima."},
    {"tPregunta": "¿Estudias?", "riesgo": "Medio", "rCorrecta": "Si", "orientacion": "Si no estás estudiando actualmente puedes acercarte a la institución educativa pública más cercana para conocer como puedes acceder a la educación. También puedes dirigirte a los CIF - Centros Integrales para la Familia donde también pueden brindarte asesoría."},
    {"tPregunta": "¿Crees que estudiar es la mejor manera para salir adelante?", "riesgo": "Bajo", "rCorrecta": "Si", "orientacion": "Estudiar es importante porque el conocimiento Es lo único que puede ayudarte a desarrollar tus capacidades completamente. Si deseas acceder a oferta educativa puedes acercarte al nucleo educativo de tu barrio o a la oferta de SAPIENCIA."},
    {"tPregunta": "¿Vives o te mantienes cerca de las plazas de vicio?", "riesgo": "Alto", "rCorrecta": "No", "orientacion": "Si vives cerca a plazas de vicio puedes dirigirte a tu CIF - Centros Integrales para la Familia, donde podrás obtener asesoría de cómo evitar los riesgos asociados."},
    {"tPregunta": "¿Sabes si en tu Institución Educativa se distribuyen sustancias psicoactivas ilegales?", "riesgo": "Alto", "rCorrecta": "No", "orientacion": "Si en tu Institución Educativa sabes de personas que se encargan de vender o distribuir sustancias psicoactivas ilegales, puedes comunicarte con la línea de Emergencia 123 Social donde podrás reportar el caso de manera anónima."},
    {"tPregunta": "¿Sabes de alguien que haga parte del combo del barrio o vereda?", "riesgo": "Medio", "rCorrecta": "No", "orientacion": "Si sabes de alguien que haga parte del combo de tu barrio o vereda, te sugerimos que evites su compañía para evitar los riesgos asociados a las actividades delictivas de esa persona."},
    {"tPregunta": "¿Te han invitado a manipular armas?", "riesgo": "Medio", "rCorrecta": "No", "orientacion": "Si te han invitado a manipular armas puedes comunicarte a la línea 123 social donde tendrás orientación y asesoría."},
    {"tPregunta": "¿Eres víctima del conflicto armado?", "riesgo": "Medio", "rCorrecta": "No", "orientacion": "Si eres víctima del conflicto armado acercarte a uno de los Centros de Atencion a Victimas para que recibas orientacion y asesoria frente a tus derechos."},
    {"tPregunta": "¿Te han invitado a ser el vigilante en tu barrio o vereda?", "riesgo": "Alto", "rCorrecta": "No", "orientacion": "Como te han invitado a ser el vigilante de tu barrio o vereda, te informamos que la única entidad competente para ejercer cuidado es la Policía Nacional"},
    {"tPregunta": "¿Confías en las personas que se denominan cuidadores del barrio o vereda?", "riesgo": "Medio", "rCorrecta": "No", "orientacion": "Sabias que tambien puedes confiar en otros lideres de tu comunidad como los de la Junta de Accion Comunal?"},
    {"tPregunta": "¿Crees que las vacunas son algo normal?", "riesgo": "Medio", "rCorrecta": "No", "orientacion": "Sabias que ¿las llamadas vacunas son un delito llamado extorsion el cual puede ser investigado y judicializado?"}
]