[
    {"tPregunta": "¿Actualmente estudias?", "riesgo": "Alto", "rCorrecta": "Si", "orientacion": "Si te encuentras sin estudiar actualmente puedes acercarte a la institución educativa pública más cercana para conocer cómo puedes acceder a la educación. También puedes dirigirte a los CIF - Centros Integrales para la Familia donde también pueden brindarte asesoría."},
    {"tPregunta": "¿Tienes buenas notas de estudio?", "riesgo": "Medio", "rCorrecta": "Si", "orientacion": "Si no tienes buen rendimiento académico puedes acercarte a la persona psicosocial de la instution quien puede acompañarte en tu plan de estudios. Haz parte de los semilleros de tu institución y programas de refuerzo escolar."},
    {"tPregunta": "¿Después de la secundaria, deseas seguir estudiando?", "riesgo": "Bajo", "rCorrecta": "Si", "orientacion": "Sugerimos revisar tu proyecto de vida y acercarte a las ofertas de educación técnica, tecnológica y superior."},
    {"tPregunta": "¿Realizas todas las tareas del colegio?", "riesgo": "Bajo", "rCorrecta": "Si", "orientacion": "Es importante construir un plan de estudios que de respuesta a todas tus responsabilidades curriculares."},
    {"tPregunta": "¿Alguien te dice que debes trabajar en estos momentos?", "riesgo": "Alto", "rCorrecta": "No", "orientacion": "Si alguien te dice que debes trabajar en estos momentos, según el Ministerio del Trabajo en su acuerdo 1780 del año 2016, a partir de los 14 años podrías realizar algunos trabajos con un permiso especial donde se evalúan tus riesgos y las actividades que puedes realizar. Lo ideal es que ocupes tu tiempo en actividades lúdicas y formativas que permitan potenciar tu proyecto de vida."},
    {"tPregunta": "¿Haces otras actividades por fuera de la Institución educativa o Centro Educativo? Por ejemplo: ¿Arte, música, deporte entre otras?", "riesgo": "Bajo", "rCorrecta": "Si", "orientacion": "Si no estás realizando otras actividades para aprovechar tu tiempo libre, te recomendamos que te acerques a la Secretaría de la Juventud y preguntes a qué actividades podrías vincularte cerca a tu domicilio en tu barrio o vereda."},
    {"tPregunta": "¿Crees o alguien te dice que debes ayudar en los gastos del hogar?", "riesgo": "Alto", "rCorrecta": "No", "orientacion": "Si alguien te indica que debes ayudar en los gastos del hogar, según la ley 1098 de 2006 de infancia y adolescencia los adolescentes y jóvenes con edades inferiores a 18 años deben ocupar su tiempo en actividades que fomenten la vivencia plena de los derechos en educación, recreación, salud, ocio."},
    {"tPregunta": "Actualmente ¿Trabajas?", "riesgo": "Alto", "rCorrecta": "No", "orientacion": "Si te encuentras trabajando actualmente, según el Ministerio del Trabajo en su acuerdo 1780 del año 2016, a partir de los 14 años podrías realizar algunos trabajos con un permiso especial donde se evalúan tus riesgos y las actividades que puedes realizar."},
    {"tPregunta": "¿Ayudas a una persona adulta en su trabajo?", "riesgo": "Medio", "rCorrecta": "No", "orientacion": "Si eres mayor de 14 años y ayudas a alguien en su trabajo, recuerda que tu trabajo debe de estar regulado y supervisado por el ministerio del trabajo ley 1780 de 2016."},
    {"tPregunta": "Actualmente ¿vendes algo en las calles o de manera ambulante?", "riesgo": "Alto", "rCorrecta": "No", "orientacion": "Si te encuentras trabajando de manera informal en las calles, recuerda que es trabajo infantil y si eres mayor de 14 es trabajo informal, el cual no esta regulado por el ministerio del trabajo. Acércate a la oficina del trabajo para que puedan orientarte sobre tu situación actual."},
    {"tPregunta": "¿Crees que en estos momentos de tu vida debes trabajar?", "riesgo": "Alto", "rCorrecta": "No", "orientacion": "En estos momentos de tu vida te invitamos a disfrutar del tiempo en tus estudios, compartir tiempo con tus amigos y con tu familia."},
    {"tPregunta": "¿El lugar donde estudias, queda muy lejos de tu casa, barrio o vereda?", "riesgo": "Bajo", "rCorrecta": "No", "orientacion": "Si estudias en un lugar muy lejos de tu casa, barrio o vereda; te invitamos a que te desplaces en compañía de amigos y amigas de la institución educativa o solicítale a un familiar que te acompañe en los desplazamientos."},
    {"tPregunta": "¿Realizas alguna actividad por internet que te genere dinero?", "riesgo": "Alto", "rCorrecta": "No", "orientacion": "Si realizas alguna actividad que te genere recursos económicos por internet. Te invitamos a consultar en la oficina de trabajo si se trata de una actividad que puedas realizar bajo las leyes actuales. También sugerimos que estas practicas estén acompañadas de tus familiares e informar de inmediato en caso de recibir propuestas inadecuadas o que vulneren tu integridad."},
    {"tPregunta": "¿Permaneces mucho tiempo en la calle?", "riesgo": "Medio", "rCorrecta": "No", "orientacion": "Permanecer mucho tiempo en la calle es peligroso, en caso de sentirte bajo amenaza, en acoso o si te invitan a vender o llevar paquetes informa a un adulto o llama a la línea 123 social."},
    {"tPregunta": "Durante los periodos de vacaciones ¿Realizas algún tipo de actividad económica?", "riesgo": "Medio", "rCorrecta": "No", "orientacion": "Si eres menor de 14 años y estas realizando labores económicas por largos periodos de tiempo y te afecta esta situación, indica que eres víctima de trabajo infantil. Si eres mayor  de 14 años,  recuerda que tu trabajo debe de estar regulado y supervisado por el ministerio del trabajo ley 1780 de 2016."},
    {"tPregunta": "¿Sabes qué es el Trabajo Infantil?", "riesgo": "Bajo", "rCorrecta": "Si", "orientacion": "El trabajo infantil es todo aquel realizado por un niño, niña o adolescente que no alcance la edad mínima de admisión al empleo y en los términos establecidos por la legislación nacional y que, por consiguiente, impida la educación y el pleno desarrollo del niño la niña o el adolescente; el que se ajuste a la definición de trabajo peligroso o aquel que está incluido como peores formas de trabajo infantil."}
]