[
    {"tPregunta": "¿Alguien ha intentado tocarte de manera inadecuada?", "riesgo": "Bajo", "rCorrecta": "No", "orientacion": "Si en repetidas ocasiones alguien ha intentado tocarte de manera inadecuada, te invitamos a informarle la situación a una persona adulta de confianza."},
    {"tPregunta": "¿Has sufrido o han intentado maltratarte de manera frecuente?", "riesgo": "Medio", "rCorrecta": "No", "orientacion": "Si constantemente han intentado maltratarte de manera frecuente, te invitamos a reportar el caso al 123 social."},
    {"tPregunta": "¿Te llama la atención la idea del suicidio?", "riesgo": "Alto", "rCorrecta": "No", "orientacion": "Si te llama la atención la idea del suicidio puedes comunicarte a la Línea Amiga Saludable de la Secretaría de Salud al teléfono 4444448 de lunes a sábado de 800 AM a 8:00 PM."},
    {"tPregunta": "¿Ya eres padre, madre o estás esperando bebé?", "riesgo": "Medio", "rCorrecta": "No", "orientacion": "Si ya eres padre, madre o estás esperando bebé puedes acercarte a uno de los CIF - Centros Integrales para la Familia, para que puedan brindarte asesoría al respecto."},
    {"tPregunta": "¿Permaneces mucho tiempo en calle?", "riesgo": "Alto", "rCorrecta": "No", "orientacion": "Permanecer mucho tiempo en la calle es peligroso, en caso de sentirte bajo amenaza, en acoso o si te invitan a ir a lugares peligrosos sin tu consentimiento informa a un adulto o llama a la línea 123 social."},
    {"tPregunta": "¿Estás hasta altas horas de la noche en la calle?", "riesgo": "Alto", "rCorrecta": "No", "orientacion": "Permanecer hasta altas horas de la noche en la calle es peligroso, en caso de sentirte bajo amenaza, en acoso o si te invitan a ir a lugares peligrosos sin tu consentimiento informa a un adulto o llama a la línea 123 social."},
    {"tPregunta": "¿Vives o permaneces cerca a lugares donde se desarrollan actividades sexuales? ¿Moteles, casas de citas entre otros?", "riesgo": "Medio", "rCorrecta": "No", "orientacion": "Te invitamos a que ingreses a www.medellinjoven.com encontrarás información que brinda la Alcaldía de Medellín a través de su Secretaría de la Juventud, para que conozcan y accedan a los diferentes programas, proyectos, actividades, servicios, convocatorias y rutas de atención, que entidades públicas, privadas, mixtas y comunitarias tienen disponibles para los jóvenes que viven en el municipio; descubre oportunidades como: becas para estudiar, oportunidades de empleo, salud, rehabilitación, deporte y recreación, emprendimiento y demás formas de vivir y habitar la ciudad."},
    {"tPregunta": "¿Sabes qué es una violencia sexual?", "riesgo": "Bajo", "rCorrecta": "Si", "orientacion": "La Organización Mundial de la salud (OMS), define la violencia sexual como todo acto sexual, la tentativa de consumar un acto sexual, los comentarios o insinuaciones sexuales no deseados, o las acciones para comercializar o utilizar de cualquier otro modo la sexualidad de una persona mediante coacción por otra persona, independientemente de la relación de ésta con la víctima, en cualquier ámbito, incluidos el hogar y el lugar de trabajo. Adicional a lo señalado en esta definición, es importante resaltar que todo acto de violencia sexual es una conducta “deliberada, consciente, intencional, y racional; claramente instrumental y orientado a la consecución de unas metas a corto plazo que son deseadas por el sujeto agresor, sin tomar en cuenta las necesidades o derechos de quién es agredido."},
    {"tPregunta": "¿Sabes qué hacer en el supuesto caso de que alguien intente abusar de tí?", "riesgo": "Medio", "rCorrecta": "Si", "orientacion": "Si no sabes qué hacer en caso de que alguien intente abusar de ti, debes solicitar auxilio en el lugar donde se presenta el hecho. Gritar es una buena estrategia. También si tienes la posibilidad de usar tu teléfono, puedes llamar al 123 Social."},
    {"tPregunta": "En estos momentos de tu vida ¿Eres feliz?", "riesgo": "Medio", "rCorrecta": "Si", "orientacion": "Si en estos momentos de tu vida consideras que no eres feliz, puedes comunicarte a la Línea Amiga Saludable de la Secretaría de Salud al teléfono 4444448 de lunes a sábado de 800 AM a 8:00 PM."},
    {"tPregunta": "¿Alguien te ha dicho que debes estar con él o con ella porque le gustas?", "riesgo": "Medio", "rCorrecta": "No", "orientacion": "Bajo ninguna circunstacia alguien debe obligarte a ser su compañero o compañera sentimental por el solo hecho de que le gustes. Si consideras que esa persona te está presionando para que seas su compañía sentimental o para que tengas relaciones sexuales, te invitamos a informarle a un adulto responsable o llama al 123 Social para evitar una posible situación de acoso."},
    {"tPregunta": "¿Alguna vez te han amenazado por no ser la novia o el novio de alguien?", "riesgo": "Medio", "rCorrecta": "No", "orientacion": "Si alguien te ha amenazado para que seas su compañía sentimental, te invitamos a reportar el caso al 123 social."},
    {"tPregunta": "¿Alguien te ha hecho propuestas obscenas sin tu consentimiento?", "riesgo": "Medio", "rCorrecta": "No", "orientacion": "Si haz recibido propuestas obsenas sin tu consentimiento, te invitamos a informarle a una persona adulta de confianza tu situación. También puedes llamar al 113 social."},
    {"tPregunta": "Alguna vez ¿Has tenido ideas suicidas?", "riesgo": "Alto", "rCorrecta": "No", "orientacion": "Si ya has tenido ideas suicidas puedes comunicarte a la Línea Amiga Saludable de la Secretaría de Salud al teléfono 4444448 de lunes a sábado de 800 AM a 8:00 PM."},
    {"tPregunta": "¿Tienes curiosidad acerca de consumir sustancias psicoactivas ilegales?", "riesgo": "Medio", "rCorrecta": "No", "orientacion": "Si tienes curiosidad o has consumido alguna vez sustancias psicoactivas, te sugerimos que visites a un médico de tu EPS para conocer los riesgos de tu salud física y mental. Si no tienes acceso a servicios de salud puedes ir al sótano del Centro Administrativo Municipal la Alpujarra con el SISBEN para tramitar la afiliación. En caso de que sea negada tu atención, usted podrá interponer una acción de tutela de manera verbal o escrita y presentarla ante un juez. Podrás llamar a la Línea Amiga Saludable de la Secretaría de Salud al teléfono 4444448 de lunes a sábado de 800 AM a 8:00 PM, donde se te brindará información especializada gratuita acerca de temas de salud mental. También puedes acercarte al centro de escucha más cercano de tu comuna o vereda."},
    {"tPregunta": "¿Sabes que es el Grooming?", "riesgo": "Bajo", "rCorrecta": "Si", "orientacion": "El Grooming son conductas y acciones por un adulto en Internet, con el objetivo de ganarse la amistad de un Niño, Niña o Adolescente, creando una conexión emocional con el mismo para lograr generar confianza y así poder abusar sexualmente."},
    {"tPregunta": "¿Alguien te sigue a todas partes?", "riesgo": "Medio", "rCorrecta": "No", "orientacion": "Si alguien te sigue a todas partes de manera recurrente, te invitamos a informarle a una persona adulta de confianza o llamar al 123 social de manera inmediata."},
    {"tPregunta": "¿No te agrada alguien porque consideras que te aborda manifestando deseos sexuales abusivos?", "riesgo": "Alto", "rCorrecta": "No", "orientacion": "Si alguien te aborda de manera irrespetuosa manifestando deseos sexuales abusivos, te invitamos a informarle a una persona adulta de confianza acerca de la situación."},
    {"tPregunta": "¿Tu compañero/a sentimental ha intentado golpearte?", "riesgo": "Alto", "rCorrecta": "No", "orientacion": "Si tu compañía sentimental ha intentado golpearte o ya lo ha hecho con anterioridad puedes dirigirte a la Comisaría de Familia más cercana. También puedes dirigirte a uno de los CIF - Centros Integrales para la Familia."},
    {"tPregunta": "¿Tu compañero/a sentimental ha intentado sobrepasarse en contra de tu voluntad?", "riesgo": "Alto", "rCorrecta": "No", "orientacion": "Si tu compañía sentimental ha intentado intentado sobrepasarse en contra de tu voluntad o ya lo ha hecho con anterioridad puedes dirigirte a la Comisaría de Familia más cercana. También puedes dirigirte a uno de los CIF - Centros Integrales para la Familia."},
    {"tPregunta": "¿Te sientes triste?", "riesgo": "Medio", "rCorrecta": "No", "orientacion": "Si te sientes triste acude a tu red de apoyo familiar y/o de amigos. O también puedes comunicarte a la Línea Amiga Saludable de la Secretaría de Salud al teléfono 4444448 de lunes a sábado de 800 AM a 8:00 PM."}
]